thetaS,thetaR,thetaWP,thetaFC,n,alpha,alphaSpecificStorage,betaSpecificStorage,Ks
#sand
0.36689,0.05385,0.08385,0.33689,2.54723,2.991,0.0,0.0,5.40583E-05
#clay
0.48664,0.13335,0.16335,0.45664,1.34174,0.846,0.0,0.0,9.73284E-07
#silt
0.46,0.07,0.97,0.432,1.65,0.44,0.0,0.0,0.00000517363541666667
